evidence_id,repo,artifact,evidence_type,pinned_url,last_changed,commits_touching,demonstrates
EV-01,grc-program,README.md,Committed artifact,https://github.com/Alasall0/grc-program/blob/9858884a5515d48a58dd16a92be0914674cc1169/README.md,2026-07-03,1,"Placeholder title only, no content. No evidentiary value."
EV-02,grc-program,control-catalog/control-catalog.md,Committed artifact,https://github.com/Alasall0/grc-program/blob/9858884a5515d48a58dd16a92be0914674cc1169/control-catalog/control-catalog.md,2026-07-12,2,"Three Project 1 controls (segmentation, asset inventory, data flow mapping) mapped to CSF subcategories with implementation and test status. Records C-002 asset inventory as Implemented and Tested."
EV-03,grc-program,docs/business-risk-context-project1.md,Committed artifact,https://github.com/Alasall0/grc-program/blob/9858884a5515d48a58dd16a92be0914674cc1169/docs/business-risk-context-project1.md,2026-07-09,1,"Business rationale for asset inventory, network segmentation, and risk tiering, with residual risk stated in business terms."
EV-04,grc-program,docs/reflection-project1.md,Committed artifact,https://github.com/Alasall0/grc-program/blob/9858884a5515d48a58dd16a92be0914674cc1169/docs/reflection-project1.md,2026-07-09,1,"Project 1 lessons learned, including root cause of the VLAN tagging failure recorded as R-001."
EV-05,grc-program,policies/data-classification-policy.md,Documented process,https://github.com/Alasall0/grc-program/blob/9858884a5515d48a58dd16a92be0914674cc1169/policies/data-classification-policy.md,2026-07-09,2,"Defines data classification levels, declassification by data type, a sanitization checklist for material before publication, roles, and policy maintenance."
EV-06,grc-program,risk-register/risk-register.md,Committed artifact,https://github.com/Alasall0/grc-program/blob/9858884a5515d48a58dd16a92be0914674cc1169/risk-register/risk-register.md,2026-07-12,4,"Three Project 1 risks across their lifecycle: segmentation gap opened then closed, native VLAN accepted as risk, and a time-boxed egress exception opened for the Splunk install. Four dated revisions."
EV-07,grc-program,ssp/system-security-plan.md,Committed artifact,https://github.com/Alasall0/grc-program/blob/9858884a5515d48a58dd16a92be0914674cc1169/ssp/system-security-plan.md,2026-07-12,2,"System Security Plan for the Project 1 environment covering identification, boundary, components, architecture, and control implementation summary. Predates Projects 2 and 3."
EV-08,grc-program,"(commit history: 13 commits, 2026-07-03 to 2026-07-12)",Dated activity record,https://github.com/Alasall0/grc-program/commits/9858884a5515d48a58dd16a92be0914674cc1169,2026-07-12,13,"13 commits from 3 to 12 July 2026, including risk lifecycle changes with descriptive messages. Short but genuine record of recurring activity, confined to Project 1."
EV-09,network-security-baseline,README.md,Committed artifact,https://github.com/Alasall0/network-security-baseline/blob/da9ce260fb6b5e65c54fc2cbf0d1d4d6db21ac53/README.md,2026-07-01,2,"Project 1 objective and architecture summary. Claims ID.AM-01, ID.AM-02, ID.AM-03, PR.AA-05, and PR.IR-01 as implemented, citing the Nmap scanner and the diagram."
EV-10,network-security-baseline,diagrams/README.md,Committed artifact,https://github.com/Alasall0/network-security-baseline/blob/da9ce260fb6b5e65c54fc2cbf0d1d4d6db21ac53/diagrams/README.md,2026-07-01,1,Short caption for the architecture diagram. No evidentiary value.
EV-11,network-security-baseline,diagrams/project1-network-architecture-v1.0.drawio.png,Committed artifact,https://github.com/Alasall0/network-security-baseline/blob/da9ce260fb6b5e65c54fc2cbf0d1d4d6db21ac53/diagrams/project1-network-architecture-v1.0.drawio.png,2026-07-01,1,"Intended network segmentation and permitted traffic flows as designed on 29 June 2026. Predates Projects 2 and 3 and omits Metasploitable2. Shows design, not enforced configuration."
EV-12,network-security-baseline,"(commit history: 4 commits, 2026-07-01 to 2026-07-01)",Dated activity record,https://github.com/Alasall0/network-security-baseline/commits/da9ce260fb6b5e65c54fc2cbf0d1d4d6db21ac53,2026-07-01,4,"4 commits on a single day, 1 July 2026. A publication event, not a record of recurring activity."
EV-13,nmap-asset-scanner,README.md,Committed artifact,https://github.com/Alasall0/nmap-asset-scanner/blob/ebadd2198e3f6e2b81ea9de7485dc4d3f3fae47d/README.md,2026-05-31,3,"Scanner usage, risk tier logic, output format, and four stated limitations. Sample output dated 31 May 2026 predates VLAN segmentation and is not a current inventory."
EV-14,nmap-asset-scanner,asset_scanner.py,Committed artifact,https://github.com/Alasall0/nmap-asset-scanner/blob/ebadd2198e3f6e2b81ea9de7485dc4d3f3fae47d/asset_scanner.py,2026-05-31,1,Tool that performs Nmap discovery and writes a risk-tiered asset register. Shows the capability to produce an inventory; the output is excluded from the repository by .gitignore.
EV-15,nmap-asset-scanner,"(commit history: 6 commits, 2026-05-31 to 2026-07-01)",Dated activity record,https://github.com/Alasall0/nmap-asset-scanner/commits/ebadd2198e3f6e2b81ea9de7485dc4d3f3fae47d,2026-07-01,6,"6 commits from 31 May to 1 July 2026 covering tool development. Shows the tool being built, not an inventory being maintained."
EV-16,splunk-siem-detections,README.md,Committed artifact,https://github.com/Alasall0/splunk-siem-detections/blob/089bb5110639688d967141f2887b3e878467dbcd/README.md,2026-08-11,2,"Overview of the Splunk environment, data sources, and five detections, with the approach of validating each detection against a real generated attack."
EV-17,splunk-siem-detections,attack-coverage-matrix.md,Committed artifact,https://github.com/Alasall0/splunk-siem-detections/blob/089bb5110639688d967141f2887b3e878467dbcd/attack-coverage-matrix.md,2026-08-11,1,"Five detections mapped to MITRE ATT&CK (T1110, T1046, T1136.001, T1048), each with logic described in prose, validation by generated attack, and known limitations, plus a prioritized gap analysis of three uncovered techniques. Search queries themselves are not committed."
EV-18,splunk-siem-detections,business-risk-assessment.md,Committed artifact,https://github.com/Alasall0/splunk-siem-detections/blob/089bb5110639688d967141f2887b3e878467dbcd/business-risk-assessment.md,2026-08-11,1,"Business case for detection capability, naming successful brute force and local account creation as highest value, with residual risk in business terms."
EV-19,splunk-siem-detections,control-catalog.md,Committed artifact,https://github.com/Alasall0/splunk-siem-detections/blob/089bb5110639688d967141f2887b3e878467dbcd/control-catalog.md,2026-08-11,1,"Five detection controls, DET-1 through DET-5, recorded as security controls with framework references and validation status."
EV-20,splunk-siem-detections,reflection-note.md,Committed artifact,https://github.com/Alasall0/splunk-siem-detections/blob/089bb5110639688d967141f2887b3e878467dbcd/reflection-note.md,2026-08-11,1,"Project 2 lessons learned, including validating detections with self-generated attacks and understanding a data source before trusting it."
EV-21,splunk-siem-detections,risk-register.md,Committed artifact,https://github.com/Alasall0/splunk-siem-detections/blob/089bb5110639688d967141f2887b3e878467dbcd/risk-register.md,2026-08-11,1,"Four detection program risks, including unrestricted outbound egress on the lab VLAN and an RDP-over-NLA detection blind spot, plus a documented change record for a temporary SMB firewall rule."
EV-22,splunk-siem-detections,ssp-siem-section.md,Committed artifact,https://github.com/Alasall0/splunk-siem-detections/blob/089bb5110639688d967141f2887b3e878467dbcd/ssp-siem-section.md,2026-08-11,1,"SIEM log pipelines for OPNsense and Windows security events, detection scheduling, alignment to NIST SP 800-53 control families, and known operational limitations."
EV-23,splunk-siem-detections,"(commit history: 3 commits, 2026-08-11 to 2026-08-11)",Dated activity record,https://github.com/Alasall0/splunk-siem-detections/commits/089bb5110639688d967141f2887b3e878467dbcd,2026-08-11,3,"3 commits on a single day, 11 August 2026. A publication event, not a record of recurring activity."
EV-24,vulnerability-management,README.md,Committed artifact,https://github.com/Alasall0/vulnerability-management/blob/fcefbfb4e33356309b2f6aa58b0ba0bbe4c2035b/README.md,2026-09-20,1,"Program overview covering credentialed versus unauthenticated scanning, priority assignment, two remediation cycles, recurrence between cycles, and stated program limits."
EV-25,vulnerability-management,docs/asset-criticality.md,Committed artifact,https://github.com/Alasall0/vulnerability-management/blob/fcefbfb4e33356309b2f6aa58b0ba0bbe4c2035b/docs/asset-criticality.md,2026-09-20,2,FIPS 199 categorization of information types mapped to all five in-scope hosts by IP address. The most complete current record of in-scope assets in the evidence set.
EV-26,vulnerability-management,docs/poam.md,Committed artifact,https://github.com/Alasall0/vulnerability-management/blob/fcefbfb4e33356309b2f6aa58b0ba0bbe4c2035b/docs/poam.md,2026-09-19,3,"14 technical findings and 9 program findings with Open and Closed status, including notes on deferred items. Three dated revisions."
EV-27,vulnerability-management,docs/prioritization-methodology.md,Documented process,https://github.com/Alasall0/vulnerability-management/blob/fcefbfb4e33356309b2f6aa58b0ba0bbe4c2035b/docs/prioritization-methodology.md,2026-09-19,2,"Defines how CVSS base scores are adjusted for network exposure, FIPS 199 security requirements, and temporal metrics to produce priority tiers, with worked examples showing rank inversion."
EV-28,vulnerability-management,docs/vulnerability-management-policy.md,Documented process,https://github.com/Alasall0/vulnerability-management/blob/fcefbfb4e33356309b2f6aa58b0ba0bbe4c2035b/docs/vulnerability-management-policy.md,2026-09-20,3,"Defines roles, scan cadence and authentication requirements, priority-based remediation targets, and an exception process with mandatory expiry. Establishes the process; does not by itself show it was followed."
EV-29,vulnerability-management,register/risk-register-infrastructure.csv,Committed artifact,https://github.com/Alasall0/vulnerability-management/blob/fcefbfb4e33356309b2f6aa58b0ba0bbe4c2035b/register/risk-register-infrastructure.csv,2026-09-10,1,"122 findings from the 9 September 2026 infrastructure scan of OPNsense and Kali, all Open. Records identification without remediation."
EV-30,vulnerability-management,register/risk-register.csv,Committed artifact,https://github.com/Alasall0/vulnerability-management/blob/fcefbfb4e33356309b2f6aa58b0ba0bbe4c2035b/register/risk-register.csv,2026-09-19,3,"426 findings across in-scope hosts, enriched with asset criticality and environmental scoring, tracked by status (92 Closed, 319 Open, 15 New). Three dated revisions across two remediation cycles."
EV-31,vulnerability-management,scans/closure-rescan-2026-09-03.pdf,Committed artifact,https://github.com/Alasall0/vulnerability-management/blob/fcefbfb4e33356309b2f6aa58b0ba0bbe4c2035b/scans/closure-rescan-2026-09-03.pdf,2026-09-03,1,"First remediation cycle closure scan, 3 September 2026. Credentialed checks succeeded on the Windows Server host only."
EV-32,vulnerability-management,scans/closure-rescan-2026-09-13.pdf,Committed artifact,https://github.com/Alasall0/vulnerability-management/blob/fcefbfb4e33356309b2f6aa58b0ba0bbe4c2035b/scans/closure-rescan-2026-09-13.pdf,2026-09-19,1,"Second remediation cycle closure scan, 13 September 2026. Credentialed checks succeeded on the Windows Server host only."
EV-33,vulnerability-management,scans/credentialed-2026-08-16.pdf,Committed artifact,https://github.com/Alasall0/vulnerability-management/blob/fcefbfb4e33356309b2f6aa58b0ba0bbe4c2035b/scans/credentialed-2026-08-16.pdf,2026-08-22,1,"Vulnerability scan of 16 August 2026 with credentialed checks succeeding on the Windows Server host only, via SMB. Remaining hosts assessed without credentials."
EV-34,vulnerability-management,scans/infrastructure-2026-09-09.pdf,Committed artifact,https://github.com/Alasall0/vulnerability-management/blob/fcefbfb4e33356309b2f6aa58b0ba0bbe4c2035b/scans/infrastructure-2026-09-09.pdf,2026-09-10,1,"Infrastructure scan of OPNsense and Kali, 9 September 2026. Credentialed checks ran locally on the Kali scanner host only; OPNsense assessed without credentials."
EV-35,vulnerability-management,scans/unauthenticated-2026-08-16.pdf,Committed artifact,https://github.com/Alasall0/vulnerability-management/blob/fcefbfb4e33356309b2f6aa58b0ba0bbe4c2035b/scans/unauthenticated-2026-08-16.pdf,2026-08-22,1,"Baseline unauthenticated scan of in-scope hosts, 16 August 2026. Shows network-exposed services only."
EV-36,vulnerability-management,scripts/parse_nessus.py,Committed artifact,https://github.com/Alasall0/vulnerability-management/blob/fcefbfb4e33356309b2f6aa58b0ba0bbe4c2035b/scripts/parse_nessus.py,2026-09-06,3,"Parser that converts Nessus reports into the enriched risk register, joining findings to asset criticality and computing environmental scores and tiers. Makes register generation repeatable."
EV-37,vulnerability-management,scripts/validate_register.py,Committed artifact,https://github.com/Alasall0/vulnerability-management/blob/fcefbfb4e33356309b2f6aa58b0ba0bbe4c2035b/scripts/validate_register.py,2026-09-19,6,"Validation checks on the generated risk register. Six revisions, the most revised file in the evidence set."
EV-38,vulnerability-management,"(commit history: 27 commits, 2026-08-22 to 2026-09-20)",Dated activity record,https://github.com/Alasall0/vulnerability-management/commits/fcefbfb4e33356309b2f6aa58b0ba0bbe4c2035b,2026-09-20,27,"27 commits from 22 August to 20 September 2026, including register revisions across two remediation cycles. The strongest record of recurring activity in the evidence set."
